{
  "Packages": [
    {
      "Package": {
        "Id": "RBanda.TestReportGenerator.Activities",
        "Version": "1.4.1"
      },
      "Assemblies": [
        "C:\\Users\\Thippeswamy\\.nuget\\packages\\rbanda.testreportgenerator.activities/1.4.1\\lib/TestReportGenerator.dll"
      ],
      "Path": "C:\\Users\\Thippeswamy\\.nuget\\packages\\rbanda.testreportgenerator.activities\\1.4.1"
    },
    {
      "Package": {
        "Id": "UiPath.DocumentUnderstanding.ML.Activities",
        "Version": "1.1.0"
      },
      "Assemblies": [
        "C:\\Users\\Thippeswamy\\.nuget\\packages\\bitmiracle.docotic.pdf/5.10.9957\\lib/net40/BitMiracle.Docotic.Pdf.dll",
        "C:\\Users\\Thippeswamy\\.nuget\\packages\\newtonsoft.json/12.0.3\\lib/net45/Newtonsoft.Json.dll",
        "C:\\Users\\Thippeswamy\\.nuget\\packages\\polly/7.1.0\\lib/netstandard2.0/Polly.dll",
        "C:\\Users\\Thippeswamy\\.nuget\\packages\\uipath.documentprocessing.contracts/1.6.1\\lib/net461/UiPath.DocumentProcessing.Contracts.dll",
        "C:\\Users\\Thippeswamy\\.nuget\\packages\\uipath.documentunderstanding.ml.activities/1.1.0\\lib/net461/UiPath.DocumentUnderstanding.ML.Activities.Design.dll",
        "C:\\Users\\Thippeswamy\\.nuget\\packages\\uipath.documentunderstanding.ml.activities/1.1.0\\lib/net461/UiPath.DocumentUnderstanding.ML.Activities.dll"
      ],
      "Path": "C:\\Users\\Thippeswamy\\.nuget\\packages\\uipath.documentunderstanding.ml.activities\\1.1.0"
    },
    {
      "Package": {
        "Id": "UiPath.Excel.Activities",
        "Version": "2.8.5"
      },
      "Assemblies": [
        "C:\\Users\\Thippeswamy\\.nuget\\packages\\closedxml/0.87.1\\lib/net40/ClosedXML.dll",
        "C:\\Users\\Thippeswamy\\.nuget\\packages\\csvhelper/2.13.5\\lib/net40-client/CsvHelper.dll",
        "C:\\Users\\Thippeswamy\\.nuget\\packages\\documentformat.openxml/2.5.0\\lib/DocumentFormat.OpenXml.dll",
        "C:\\Users\\Thippeswamy\\.nuget\\packages\\microsoft.visualstudio.ole.interop/7.10.6071\\lib/Microsoft.VisualStudio.OLE.Interop.dll",
        "C:\\Users\\Thippeswamy\\.nuget\\packages\\npoi/2.4.1\\lib/net45/NPOI.OOXML.dll",
        "C:\\Users\\Thippeswamy\\.nuget\\packages\\npoi/2.4.1\\lib/net45/NPOI.OpenXml4Net.dll",
        "C:\\Users\\Thippeswamy\\.nuget\\packages\\npoi/2.4.1\\lib/net45/NPOI.OpenXmlFormats.dll",
        "C:\\Users\\Thippeswamy\\.nuget\\packages\\npoi/2.4.1\\lib/net45/NPOI.dll",
        "C:\\Users\\Thippeswamy\\.nuget\\packages\\sharpziplib/1.0.0\\lib/net45/ICSharpCode.SharpZipLib.dll",
        "C:\\Users\\Thippeswamy\\.nuget\\packages\\uipath.excel.activities/2.8.5\\lib/net461/UiPath.Excel.Activities.Design.dll",
        "C:\\Users\\Thippeswamy\\.nuget\\packages\\uipath.excel.activities/2.8.5\\lib/net461/UiPath.Excel.Activities.dll",
        "C:\\Users\\Thippeswamy\\.nuget\\packages\\uipath.excel.activities/2.8.5\\lib/net461/UiPath.Excel.dll"
      ],
      "Path": "C:\\Users\\Thippeswamy\\.nuget\\packages\\uipath.excel.activities\\2.8.5"
    },
    {
      "Package": {
        "Id": "UiPath.IntelligentOCR.Activities",
        "Version": "4.6.0-preview"
      },
      "Assemblies": [
        "C:\\Users\\Thippeswamy\\.nuget\\packages\\aforge/2.2.5\\lib/AForge.dll",
        "C:\\Users\\Thippeswamy\\.nuget\\packages\\aforge.genetic/2.2.5\\lib/AForge.Genetic.dll",
        "C:\\Users\\Thippeswamy\\.nuget\\packages\\aforge.imaging/2.2.5\\lib/AForge.Imaging.dll",
        "C:\\Users\\Thippeswamy\\.nuget\\packages\\aforge.math/2.2.5\\lib/AForge.Math.dll",
        "C:\\Users\\Thippeswamy\\.nuget\\packages\\aforge.neuro/2.2.5\\lib/AForge.Neuro.dll",
        "C:\\Users\\Thippeswamy\\.nuget\\packages\\bitmiracle.docotic.pdf/5.10.9957\\lib/net40/BitMiracle.Docotic.Pdf.dll",
        "C:\\Users\\Thippeswamy\\.nuget\\packages\\csvhelper/2.13.5\\lib/net40-client/CsvHelper.dll",
        "C:\\Users\\Thippeswamy\\.nuget\\packages\\fsharp.core/4.0.0.1\\lib/net40/FSharp.Core.dll",
        "C:\\Users\\Thippeswamy\\.nuget\\packages\\ivanakcheurov.ntextcat.lib/0.2.1.1\\lib/net40/IvanAkcheurov.Commons.dll",
        "C:\\Users\\Thippeswamy\\.nuget\\packages\\ivanakcheurov.ntextcat.lib/0.2.1.1\\lib/net40/IvanAkcheurov.NClassify.dll",
        "C:\\Users\\Thippeswamy\\.nuget\\packages\\ivanakcheurov.ntextcat.lib/0.2.1.1\\lib/net40/IvanAkcheurov.NTextCat.Lib.dll",
        "C:\\Users\\Thippeswamy\\.nuget\\packages\\mathnet.numerics/4.5.1\\lib/net461/MathNet.Numerics.dll",
        "C:\\Users\\Thippeswamy\\.nuget\\packages\\metrics.net/0.5.5\\lib/net45/Metrics.dll",
        "C:\\Users\\Thippeswamy\\.nuget\\packages\\microsoft.rest.clientruntime/2.3.21\\lib/net461/Microsoft.Rest.ClientRuntime.dll",
        "C:\\Users\\Thippeswamy\\.nuget\\packages\\microsoft.xaml.behaviors.wpf/1.0.1\\lib/net45/Microsoft.Xaml.Behaviors.dll",
        "C:\\Users\\Thippeswamy\\.nuget\\packages\\newtonsoft.json/12.0.3\\lib/net45/Newtonsoft.Json.dll",
        "C:\\Users\\Thippeswamy\\.nuget\\packages\\numsense/0.12.0\\lib/net45/Ploeh.Numsense.dll",
        "C:\\Users\\Thippeswamy\\.nuget\\packages\\system.collections.immutable/1.5.0\\lib/netstandard2.0/System.Collections.Immutable.dll",
        "C:\\Users\\Thippeswamy\\.nuget\\packages\\system.io.compression/4.3.0\\lib/net46/System.IO.Compression.dll",
        "C:\\Users\\Thippeswamy\\.nuget\\packages\\system.runtime.interopservices.runtimeinformation/4.3.0\\lib/net45/System.Runtime.InteropServices.RuntimeInformation.dll",
        "C:\\Users\\Thippeswamy\\.nuget\\packages\\system.valuetuple/4.5.0\\lib/net461/System.ValueTuple.dll",
        "C:\\Users\\Thippeswamy\\.nuget\\packages\\uipath.cefsharpbundle/1.2.0\\lib/net452/CefSharp.BrowserSubprocess.Core.dll",
        "C:\\Users\\Thippeswamy\\.nuget\\packages\\uipath.cefsharpbundle/1.2.0\\lib/net452/CefSharp.Core.dll",
        "C:\\Users\\Thippeswamy\\.nuget\\packages\\uipath.cefsharpbundle/1.2.0\\lib/net452/CefSharp.Wpf.dll",
        "C:\\Users\\Thippeswamy\\.nuget\\packages\\uipath.cefsharpbundle/1.2.0\\lib/net452/CefSharp.dll",
        "C:\\Users\\Thippeswamy\\.nuget\\packages\\uipath.cefsharpbundle/1.2.0\\lib/net452/UiPath.CEFSharpBundle.dll",
        "C:\\Users\\Thippeswamy\\.nuget\\packages\\uipath.cefsharpbundle/1.2.0\\lib/net452/chrome_elf.dll",
        "C:\\Users\\Thippeswamy\\.nuget\\packages\\uipath.cefsharpbundle/1.2.0\\lib/net452/d3dcompiler_47.dll",
        "C:\\Users\\Thippeswamy\\.nuget\\packages\\uipath.cefsharpbundle/1.2.0\\lib/net452/libEGL.dll",
        "C:\\Users\\Thippeswamy\\.nuget\\packages\\uipath.cefsharpbundle/1.2.0\\lib/net452/libGLESv2.dll",
        "C:\\Users\\Thippeswamy\\.nuget\\packages\\uipath.cefsharpbundle/1.2.0\\lib/net452/libcef.dll",
        "C:\\Users\\Thippeswamy\\.nuget\\packages\\uipath.cefsharpbundle/1.2.0\\lib/net452/msvcp140.dll",
        "C:\\Users\\Thippeswamy\\.nuget\\packages\\uipath.cefsharpbundle/1.2.0\\lib/net452/swiftshader/libEGL.dll",
        "C:\\Users\\Thippeswamy\\.nuget\\packages\\uipath.cefsharpbundle/1.2.0\\lib/net452/swiftshader/libGLESv2.dll",
        "C:\\Users\\Thippeswamy\\.nuget\\packages\\uipath.cefsharpbundle/1.2.0\\lib/net452/vcruntime140.dll",
        "C:\\Users\\Thippeswamy\\.nuget\\packages\\uipath.documentprocessing.contracts/1.6.1\\lib/net461/UiPath.DocumentProcessing.Contracts.dll",
        "C:\\Users\\Thippeswamy\\.nuget\\packages\\uipath.intelligentocr.activities/4.6.0-preview\\lib/net461/UiPath.DocumentUnderstanding.Contracts.dll",
        "C:\\Users\\Thippeswamy\\.nuget\\packages\\uipath.intelligentocr.activities/4.6.0-preview\\lib/net461/UiPath.DocumentUnderstanding.Persistence.dll",
        "C:\\Users\\Thippeswamy\\.nuget\\packages\\uipath.intelligentocr.activities/4.6.0-preview\\lib/net461/UiPath.IntelligentOCR.Activities.Design.dll",
        "C:\\Users\\Thippeswamy\\.nuget\\packages\\uipath.intelligentocr.activities/4.6.0-preview\\lib/net461/UiPath.IntelligentOCR.Activities.dll",
        "C:\\Users\\Thippeswamy\\.nuget\\packages\\uipath.intelligentocr.activities/4.6.0-preview\\lib/net461/UiPath.IntelligentOCR.dll",
        "C:\\Users\\Thippeswamy\\.nuget\\packages\\uipath.intelligentocr.activities/4.6.0-preview\\lib/net461/UiPath.SmartData.Data.dll",
        "C:\\Users\\Thippeswamy\\.nuget\\packages\\uipath.intelligentocr.activities/4.6.0-preview\\lib/net461/UiPath.SmartData.Digitization.dll",
        "C:\\Users\\Thippeswamy\\.nuget\\packages\\uipath.intelligentocr.activities/4.6.0-preview\\lib/net461/UiPath.SmartData.DocumentClassification.dll",
        "C:\\Users\\Thippeswamy\\.nuget\\packages\\uipath.intelligentocr.activities/4.6.0-preview\\lib/net461/UiPath.SmartData.Host.Local.Infrastructure.dll",
        "C:\\Users\\Thippeswamy\\.nuget\\packages\\uipath.intelligentocr.activities/4.6.0-preview\\lib/net461/UiPath.SmartData.ImageProcessing.dll",
        "C:\\Users\\Thippeswamy\\.nuget\\packages\\uipath.intelligentocr.activities/4.6.0-preview\\lib/net461/UiPath.SmartData.Language.dll",
        "C:\\Users\\Thippeswamy\\.nuget\\packages\\uipath.intelligentocr.activities/4.6.0-preview\\lib/net461/UiPath.SmartData.Localization.dll",
        "C:\\Users\\Thippeswamy\\.nuget\\packages\\uipath.intelligentocr.activities/4.6.0-preview\\lib/net461/UiPath.SmartData.OCR.dll",
        "C:\\Users\\Thippeswamy\\.nuget\\packages\\uipath.intelligentocr.activities/4.6.0-preview\\lib/net461/UiPath.SmartData.OutOfProcessUi.Common.dll",
        "C:\\Users\\Thippeswamy\\.nuget\\packages\\uipath.intelligentocr.activities/4.6.0-preview\\lib/net461/UiPath.SmartData.PDF.dll",
        "C:\\Users\\Thippeswamy\\.nuget\\packages\\uipath.intelligentocr.activities/4.6.0-preview\\lib/net461/UiPath.SmartData.PositionBasedExtraction.dll",
        "C:\\Users\\Thippeswamy\\.nuget\\packages\\uipath.intelligentocr.activities/4.6.0-preview\\lib/net461/UiPath.SmartData.TableProcessing.dll",
        "C:\\Users\\Thippeswamy\\.nuget\\packages\\uipath.intelligentocr.activities/4.6.0-preview\\lib/net461/UiPath.SmartData.TaxonomyManager.Host.Local.dll",
        "C:\\Users\\Thippeswamy\\.nuget\\packages\\uipath.intelligentocr.activities/4.6.0-preview\\lib/net461/UiPath.SmartData.TaxonomyManager.dll",
        "C:\\Users\\Thippeswamy\\.nuget\\packages\\uipath.intelligentocr.activities/4.6.0-preview\\lib/net461/UiPath.SmartData.Utils.dll",
        "C:\\Users\\Thippeswamy\\.nuget\\packages\\uipath.intelligentocr.activities/4.6.0-preview\\lib/net461/UiPath.SmartData.ValidationStation.Host.Local.dll",
        "C:\\Users\\Thippeswamy\\.nuget\\packages\\uipath.intelligentocr.activities/4.6.0-preview\\lib/net461/UiPath.SmartData.ValidationStation.Integration.dll",
        "C:\\Users\\Thippeswamy\\.nuget\\packages\\uipath.intelligentocr.activities/4.6.0-preview\\lib/net461/UiPath.SmartData.ValidationStation.ValueParsing.dll",
        "C:\\Users\\Thippeswamy\\.nuget\\packages\\uipath.intelligentocr.activities/4.6.0-preview\\lib/net461/UiPath.SmartData.ValidationStation.dll",
        "C:\\Users\\Thippeswamy\\.nuget\\packages\\uipath.intelligentocr.activities/4.6.0-preview\\lib/net461/UiPath.SmartData.WPF.dll",
        "C:\\Users\\Thippeswamy\\.nuget\\packages\\uipath.ocr.contracts/2.6.0\\lib/net461/UiPath.OCR.Contracts.dll"
      ],
      "Path": "C:\\Users\\Thippeswamy\\.nuget\\packages\\uipath.intelligentocr.activities\\4.6.0-preview"
    },
    {
      "Package": {
        "Id": "UiPath.Mail.Activities",
        "Version": "1.8.5"
      },
      "Assemblies": [
        "C:\\Users\\Thippeswamy\\.nuget\\packages\\bouncycastle/1.8.5\\lib/BouncyCastle.Crypto.dll",
        "C:\\Users\\Thippeswamy\\.nuget\\packages\\interop.domino.dll/1.0.0\\lib/Interop.Domino.dll",
        "C:\\Users\\Thippeswamy\\.nuget\\packages\\microsoft.exchange.webservices/2.2.0\\lib/40/Microsoft.Exchange.WebServices.Auth.dll",
        "C:\\Users\\Thippeswamy\\.nuget\\packages\\microsoft.exchange.webservices/2.2.0\\lib/40/Microsoft.Exchange.WebServices.dll",
        "C:\\Users\\Thippeswamy\\.nuget\\packages\\system.valuetuple/4.5.0\\lib/net461/System.ValueTuple.dll",
        "C:\\Users\\Thippeswamy\\.nuget\\packages\\uipath.mail.activities/1.8.5\\lib/net461/MailKit.dll",
        "C:\\Users\\Thippeswamy\\.nuget\\packages\\uipath.mail.activities/1.8.5\\lib/net461/MimeKit.dll",
        "C:\\Users\\Thippeswamy\\.nuget\\packages\\uipath.mail.activities/1.8.5\\lib/net461/UiPath.Mail.Activities.Design.dll",
        "C:\\Users\\Thippeswamy\\.nuget\\packages\\uipath.mail.activities/1.8.5\\lib/net461/UiPath.Mail.Activities.dll",
        "C:\\Users\\Thippeswamy\\.nuget\\packages\\uipath.mail.activities/1.8.5\\lib/net461/UiPath.Mail.dll"
      ],
      "Path": "C:\\Users\\Thippeswamy\\.nuget\\packages\\uipath.mail.activities\\1.8.5"
    },
    {
      "Package": {
        "Id": "UiPath.ScreenOCR.Activities",
        "Version": "1.2.3-preview"
      },
      "Assemblies": [
        "C:\\Users\\Thippeswamy\\.nuget\\packages\\aforge/2.2.5\\lib/AForge.dll",
        "C:\\Users\\Thippeswamy\\.nuget\\packages\\aforge.imaging/2.2.5\\lib/AForge.Imaging.dll",
        "C:\\Users\\Thippeswamy\\.nuget\\packages\\aforge.math/2.2.5\\lib/AForge.Math.dll",
        "C:\\Users\\Thippeswamy\\.nuget\\packages\\newtonsoft.json/12.0.3\\lib/net45/Newtonsoft.Json.dll",
        "C:\\Users\\Thippeswamy\\.nuget\\packages\\nlog/4.5.11\\lib/net45/NLog.dll",
        "C:\\Users\\Thippeswamy\\.nuget\\packages\\system.collections.immutable/1.5.0\\lib/netstandard2.0/System.Collections.Immutable.dll",
        "C:\\Users\\Thippeswamy\\.nuget\\packages\\system.valuetuple/4.5.0\\lib/net461/System.ValueTuple.dll",
        "C:\\Users\\Thippeswamy\\.nuget\\packages\\uipath.ocr.contracts/2.6.0\\lib/net461/UiPath.OCR.Contracts.dll",
        "C:\\Users\\Thippeswamy\\.nuget\\packages\\uipath.screenocr.activities/1.2.3-preview\\lib/net452/UiPath.ScreenOCR.Activities.Design.dll",
        "C:\\Users\\Thippeswamy\\.nuget\\packages\\uipath.screenocr.activities/1.2.3-preview\\lib/net452/UiPath.ScreenOCR.Activities.dll",
        "C:\\Users\\Thippeswamy\\.nuget\\packages\\uipath.screenocr.activities/1.2.3-preview\\lib/net452/UiPath.ScreenOCR.dll"
      ],
      "Path": "C:\\Users\\Thippeswamy\\.nuget\\packages\\uipath.screenocr.activities\\1.2.3-preview"
    },
    {
      "Package": {
        "Id": "UiPath.System.Activities",
        "Version": "20.4.0"
      },
      "Assemblies": [
        "C:\\Users\\Thippeswamy\\.nuget\\packages\\csvhelper/2.13.5\\lib/net40-client/CsvHelper.dll",
        "C:\\Users\\Thippeswamy\\.nuget\\packages\\microsoft.aspnet.signalr.client/2.4.0\\lib/net45/Microsoft.AspNet.SignalR.Client.dll",
        "C:\\Users\\Thippeswamy\\.nuget\\packages\\microsoft.rest.clientruntime/2.3.21\\lib/net461/Microsoft.Rest.ClientRuntime.dll",
        "C:\\Users\\Thippeswamy\\.nuget\\packages\\newtonsoft.json/12.0.3\\lib/net45/Newtonsoft.Json.dll",
        "C:\\Users\\Thippeswamy\\.nuget\\packages\\uipath.system.activities/20.4.0\\lib/net461/ActiproSoftware.Docking.Wpf.dll",
        "C:\\Users\\Thippeswamy\\.nuget\\packages\\uipath.system.activities/20.4.0\\lib/net461/ActiproSoftware.Ribbon.Wpf.dll",
        "C:\\Users\\Thippeswamy\\.nuget\\packages\\uipath.system.activities/20.4.0\\lib/net461/ActiproSoftware.Shared.Wpf.dll",
        "C:\\Users\\Thippeswamy\\.nuget\\packages\\uipath.system.activities/20.4.0\\lib/net461/ActiproSoftware.SyntaxEditor.Addons.DotNet.Wpf.dll",
        "C:\\Users\\Thippeswamy\\.nuget\\packages\\uipath.system.activities/20.4.0\\lib/net461/ActiproSoftware.SyntaxEditor.Wpf.dll",
        "C:\\Users\\Thippeswamy\\.nuget\\packages\\uipath.system.activities/20.4.0\\lib/net461/ActiproSoftware.Text.Addons.DotNet.Wpf.dll",
        "C:\\Users\\Thippeswamy\\.nuget\\packages\\uipath.system.activities/20.4.0\\lib/net461/ActiproSoftware.Text.LLParser.Wpf.dll",
        "C:\\Users\\Thippeswamy\\.nuget\\packages\\uipath.system.activities/20.4.0\\lib/net461/ActiproSoftware.Text.Wpf.dll",
        "C:\\Users\\Thippeswamy\\.nuget\\packages\\uipath.system.activities/20.4.0\\lib/net461/ActiproSoftware.Wizard.Wpf.dll",
        "C:\\Users\\Thippeswamy\\.nuget\\packages\\uipath.system.activities/20.4.0\\lib/net461/UiPath.OrchestratorClient.dll",
        "C:\\Users\\Thippeswamy\\.nuget\\packages\\uipath.system.activities/20.4.0\\lib/net461/UiPath.System.Activities.Design.dll",
        "C:\\Users\\Thippeswamy\\.nuget\\packages\\uipath.system.activities/20.4.0\\lib/net461/UiPath.System.Activities.dll"
      ],
      "Path": "C:\\Users\\Thippeswamy\\.nuget\\packages\\uipath.system.activities\\20.4.0"
    },
    {
      "Package": {
        "Id": "UiPath.UIAutomation.Activities",
        "Version": "20.4.1"
      },
      "Assemblies": [
        "C:\\Users\\Thippeswamy\\.nuget\\packages\\avalonedit/5.0.3\\lib/Net40/ICSharpCode.AvalonEdit.dll",
        "C:\\Users\\Thippeswamy\\.nuget\\packages\\extended.wpf.toolkit/2.8.0\\lib/net40/Xceed.Wpf.AvalonDock.Themes.Aero.dll",
        "C:\\Users\\Thippeswamy\\.nuget\\packages\\extended.wpf.toolkit/2.8.0\\lib/net40/Xceed.Wpf.AvalonDock.Themes.Metro.dll",
        "C:\\Users\\Thippeswamy\\.nuget\\packages\\extended.wpf.toolkit/2.8.0\\lib/net40/Xceed.Wpf.AvalonDock.Themes.VS2010.dll",
        "C:\\Users\\Thippeswamy\\.nuget\\packages\\extended.wpf.toolkit/2.8.0\\lib/net40/Xceed.Wpf.AvalonDock.dll",
        "C:\\Users\\Thippeswamy\\.nuget\\packages\\extended.wpf.toolkit/2.8.0\\lib/net40/Xceed.Wpf.DataGrid.dll",
        "C:\\Users\\Thippeswamy\\.nuget\\packages\\extended.wpf.toolkit/2.8.0\\lib/net40/Xceed.Wpf.Toolkit.dll",
        "C:\\Users\\Thippeswamy\\.nuget\\packages\\humanizer.core/2.4.2\\lib/netstandard2.0/Humanizer.dll",
        "C:\\Users\\Thippeswamy\\.nuget\\packages\\newtonsoft.json/12.0.3\\lib/net45/Newtonsoft.Json.dll",
        "C:\\Users\\Thippeswamy\\.nuget\\packages\\system.io.abstractions/3.0.10\\lib/net40/System.IO.Abstractions.dll",
        "C:\\Users\\Thippeswamy\\.nuget\\packages\\system.threading.tasks.dataflow/4.10.0\\lib/netstandard2.0/System.Threading.Tasks.Dataflow.dll",
        "C:\\Users\\Thippeswamy\\.nuget\\packages\\system.valuetuple/4.5.0\\lib/net461/System.ValueTuple.dll",
        "C:\\Users\\Thippeswamy\\.nuget\\packages\\uipath/20.4.7422.14731\\lib/UiPath.Interop.dll",
        "C:\\Users\\Thippeswamy\\.nuget\\packages\\uipath.ocr.contracts/2.6.0\\lib/net461/UiPath.OCR.Contracts.dll",
        "C:\\Users\\Thippeswamy\\.nuget\\packages\\uipath.platform/20.4.0\\lib/net461/UiPath.Platform.dll",
        "C:\\Users\\Thippeswamy\\.nuget\\packages\\uipath.telemetry.client/1.1.51\\lib/net461/TelemetryClient.dll",
        "C:\\Users\\Thippeswamy\\.nuget\\packages\\uipath.uiautomation.activities/20.4.1\\lib/net461/ActiproSoftware.DataGrid.Contrib.Wpf.dll",
        "C:\\Users\\Thippeswamy\\.nuget\\packages\\uipath.uiautomation.activities/20.4.1\\lib/net461/ActiproSoftware.Docking.Wpf.dll",
        "C:\\Users\\Thippeswamy\\.nuget\\packages\\uipath.uiautomation.activities/20.4.1\\lib/net461/ActiproSoftware.Editors.Wpf.dll",
        "C:\\Users\\Thippeswamy\\.nuget\\packages\\uipath.uiautomation.activities/20.4.1\\lib/net461/ActiproSoftware.Ribbon.Wpf.dll",
        "C:\\Users\\Thippeswamy\\.nuget\\packages\\uipath.uiautomation.activities/20.4.1\\lib/net461/ActiproSoftware.Shared.Wpf.dll",
        "C:\\Users\\Thippeswamy\\.nuget\\packages\\uipath.uiautomation.activities/20.4.1\\lib/net461/ActiproSoftware.SyntaxEditor.Addons.DotNet.Wpf.dll",
        "C:\\Users\\Thippeswamy\\.nuget\\packages\\uipath.uiautomation.activities/20.4.1\\lib/net461/ActiproSoftware.SyntaxEditor.Wpf.dll",
        "C:\\Users\\Thippeswamy\\.nuget\\packages\\uipath.uiautomation.activities/20.4.1\\lib/net461/ActiproSoftware.Text.Addons.DotNet.Wpf.dll",
        "C:\\Users\\Thippeswamy\\.nuget\\packages\\uipath.uiautomation.activities/20.4.1\\lib/net461/ActiproSoftware.Text.LLParser.Wpf.dll",
        "C:\\Users\\Thippeswamy\\.nuget\\packages\\uipath.uiautomation.activities/20.4.1\\lib/net461/ActiproSoftware.Text.Wpf.dll",
        "C:\\Users\\Thippeswamy\\.nuget\\packages\\uipath.uiautomation.activities/20.4.1\\lib/net461/ActiproSoftware.Wizard.Wpf.dll",
        "C:\\Users\\Thippeswamy\\.nuget\\packages\\uipath.uiautomation.activities/20.4.1\\lib/net461/UiPath.CV.Activities.Design.dll",
        "C:\\Users\\Thippeswamy\\.nuget\\packages\\uipath.uiautomation.activities/20.4.1\\lib/net461/UiPath.CV.Activities.dll",
        "C:\\Users\\Thippeswamy\\.nuget\\packages\\uipath.uiautomation.activities/20.4.1\\lib/net461/UiPath.CV.dll",
        "C:\\Users\\Thippeswamy\\.nuget\\packages\\uipath.uiautomation.activities/20.4.1\\lib/net461/UiPath.UIAutomation.Activities.Design.dll",
        "C:\\Users\\Thippeswamy\\.nuget\\packages\\uipath.uiautomation.activities/20.4.1\\lib/net461/UiPath.UiAutomation.Activities.dll",
        "C:\\Users\\Thippeswamy\\.nuget\\packages\\uipath.uiautomation.activities/20.4.1\\lib/net461/UiPath.Wizards.dll",
        "C:\\Users\\Thippeswamy\\.nuget\\packages\\uipath.vision/2.0.3\\lib/net461/UiPath.Vision.AzureComputerVision.dll",
        "C:\\Users\\Thippeswamy\\.nuget\\packages\\uipath.vision/2.0.3\\lib/net461/UiPath.Vision.Core.dll",
        "C:\\Users\\Thippeswamy\\.nuget\\packages\\uipath.vision/2.0.3\\lib/net461/UiPath.Vision.GoogleCloud.dll",
        "C:\\Users\\Thippeswamy\\.nuget\\packages\\uipath.vision/2.0.3\\lib/net461/UiPath.Vision.Microsoft.dll",
        "C:\\Users\\Thippeswamy\\.nuget\\packages\\uipath.vision/2.0.3\\lib/net461/UiPath.Vision.MicrosoftCloud.dll",
        "C:\\Users\\Thippeswamy\\.nuget\\packages\\uipath.vision/2.0.3\\lib/net461/UiPath.Vision.Tesseract.dll",
        "C:\\Users\\Thippeswamy\\.nuget\\packages\\uipath.vision/2.0.3\\lib/net461/UiPath.Vision.dll"
      ],
      "Path": "C:\\Users\\Thippeswamy\\.nuget\\packages\\uipath.uiautomation.activities\\20.4.1"
    }
  ],
  "Conflicts": [],
  "ResolvedDependencies": {
    "AForge": {
      "Id": "AForge",
      "Version": "2.2.5",
      "Dependencies": []
    },
    "AForge.Genetic": {
      "Id": "AForge.Genetic",
      "Version": "2.2.5",
      "Dependencies": [
        {
          "Item1": "AForge",
          "Item2": "[2.2.5, )"
        },
        {
          "Item1": "AForge.Math",
          "Item2": "[2.2.5, )"
        }
      ]
    },
    "AForge.Imaging": {
      "Id": "AForge.Imaging",
      "Version": "2.2.5",
      "Dependencies": [
        {
          "Item1": "AForge",
          "Item2": "[2.2.5, )"
        },
        {
          "Item1": "AForge.Math",
          "Item2": "[2.2.5, )"
        }
      ]
    },
    "AForge.Math": {
      "Id": "AForge.Math",
      "Version": "2.2.5",
      "Dependencies": [
        {
          "Item1": "AForge",
          "Item2": "[2.2.5, )"
        }
      ]
    },
    "AForge.Neuro": {
      "Id": "AForge.Neuro",
      "Version": "2.2.5",
      "Dependencies": [
        {
          "Item1": "AForge",
          "Item2": "[2.2.5, )"
        },
        {
          "Item1": "AForge.Math",
          "Item2": "[2.2.5, )"
        },
        {
          "Item1": "AForge.Genetic",
          "Item2": "[2.2.5, )"
        }
      ]
    },
    "AvalonEdit": {
      "Id": "AvalonEdit",
      "Version": "5.0.3",
      "Dependencies": []
    },
    "BitMiracle.Docotic.Pdf": {
      "Id": "BitMiracle.Docotic.Pdf",
      "Version": "5.10.9957",
      "Dependencies": []
    },
    "BouncyCastle": {
      "Id": "BouncyCastle",
      "Version": "1.8.5",
      "Dependencies": []
    },
    "ClosedXML": {
      "Id": "ClosedXML",
      "Version": "0.87.1",
      "Dependencies": [
        {
          "Item1": "DocumentFormat.OpenXml",
          "Item2": "[2.5.0, )"
        }
      ]
    },
    "CsvHelper": {
      "Id": "CsvHelper",
      "Version": "2.13.5",
      "Dependencies": []
    },
    "DocumentFormat.OpenXml": {
      "Id": "DocumentFormat.OpenXml",
      "Version": "2.5.0",
      "Dependencies": []
    },
    "Extended.Wpf.Toolkit": {
      "Id": "Extended.Wpf.Toolkit",
      "Version": "2.8.0",
      "Dependencies": []
    },
    "FSharp.Core": {
      "Id": "FSharp.Core",
      "Version": "4.0.0.1",
      "Dependencies": []
    },
    "Humanizer.Core": {
      "Id": "Humanizer.Core",
      "Version": "2.4.2",
      "Dependencies": []
    },
    "interop.domino.dll": {
      "Id": "interop.domino.dll",
      "Version": "1.0.0",
      "Dependencies": []
    },
    "IvanAkcheurov.NTextCat.Lib": {
      "Id": "IvanAkcheurov.NTextCat.Lib",
      "Version": "0.2.1.1",
      "Dependencies": []
    },
    "MathNet.Numerics": {
      "Id": "MathNet.Numerics",
      "Version": "4.5.1",
      "Dependencies": []
    },
    "Metrics.NET": {
      "Id": "Metrics.NET",
      "Version": "0.5.5",
      "Dependencies": []
    },
    "Microsoft.AspNet.SignalR.Client": {
      "Id": "Microsoft.AspNet.SignalR.Client",
      "Version": "2.4.0",
      "Dependencies": [
        {
          "Item1": "Newtonsoft.Json",
          "Item2": "[6.0.4, )"
        }
      ]
    },
    "Microsoft.Exchange.WebServices": {
      "Id": "Microsoft.Exchange.WebServices",
      "Version": "2.2.0",
      "Dependencies": []
    },
    "Microsoft.Rest.ClientRuntime": {
      "Id": "Microsoft.Rest.ClientRuntime",
      "Version": "2.3.21",
      "Dependencies": [
        {
          "Item1": "Newtonsoft.Json",
          "Item2": "[10.0.3, )"
        }
      ]
    },
    "Microsoft.VisualStudio.OLE.Interop": {
      "Id": "Microsoft.VisualStudio.OLE.Interop",
      "Version": "7.10.6071",
      "Dependencies": []
    },
    "Microsoft.Xaml.Behaviors.Wpf": {
      "Id": "Microsoft.Xaml.Behaviors.Wpf",
      "Version": "1.0.1",
      "Dependencies": []
    },
    "Newtonsoft.Json": {
      "Id": "Newtonsoft.Json",
      "Version": "12.0.3",
      "Dependencies": []
    },
    "NLog": {
      "Id": "NLog",
      "Version": "4.5.11",
      "Dependencies": []
    },
    "NPOI": {
      "Id": "NPOI",
      "Version": "2.4.1",
      "Dependencies": [
        {
          "Item1": "SharpZipLib",
          "Item2": "[1.0.0, )"
        }
      ]
    },
    "Numsense": {
      "Id": "Numsense",
      "Version": "0.12.0",
      "Dependencies": [
        {
          "Item1": "FSharp.Core",
          "Item2": "[4.0.0.1, )"
        }
      ]
    },
    "Polly": {
      "Id": "Polly",
      "Version": "7.1.0",
      "Dependencies": []
    },
    "RBanda.TestReportGenerator.Activities": {
      "Id": "RBanda.TestReportGenerator.Activities",
      "Version": "1.4.1",
      "Dependencies": []
    },
    "SharpZipLib": {
      "Id": "SharpZipLib",
      "Version": "1.0.0",
      "Dependencies": []
    },
    "System.Collections.Immutable": {
      "Id": "System.Collections.Immutable",
      "Version": "1.5.0",
      "Dependencies": []
    },
    "System.IO.Abstractions": {
      "Id": "System.IO.Abstractions",
      "Version": "3.0.10",
      "Dependencies": []
    },
    "System.IO.Compression": {
      "Id": "System.IO.Compression",
      "Version": "4.3.0",
      "Dependencies": []
    },
    "System.Runtime.InteropServices.RuntimeInformation": {
      "Id": "System.Runtime.InteropServices.RuntimeInformation",
      "Version": "4.3.0",
      "Dependencies": []
    },
    "System.Threading.Tasks.Dataflow": {
      "Id": "System.Threading.Tasks.Dataflow",
      "Version": "4.10.0",
      "Dependencies": []
    },
    "System.ValueTuple": {
      "Id": "System.ValueTuple",
      "Version": "4.5.0",
      "Dependencies": []
    },
    "UiPath": {
      "Id": "UiPath",
      "Version": "20.4.7422.14731",
      "Dependencies": []
    },
    "UiPath.CefSharpBundle": {
      "Id": "UiPath.CefSharpBundle",
      "Version": "1.2.0",
      "Dependencies": []
    },
    "UiPath.DocumentProcessing.Contracts": {
      "Id": "UiPath.DocumentProcessing.Contracts",
      "Version": "1.6.1",
      "Dependencies": [
        {
          "Item1": "Newtonsoft.Json",
          "Item2": "[11.0.2, )"
        }
      ]
    },
    "UiPath.DocumentUnderstanding.ML.Activities": {
      "Id": "UiPath.DocumentUnderstanding.ML.Activities",
      "Version": "1.1.0",
      "Dependencies": [
        {
          "Item1": "UiPath.DocumentProcessing.Contracts",
          "Item2": "[1.6.1, )"
        },
        {
          "Item1": "BitMiracle.Docotic.Pdf",
          "Item2": "[5.10.9957, )"
        },
        {
          "Item1": "Newtonsoft.Json",
          "Item2": "[11.0.2, )"
        },
        {
          "Item1": "Polly",
          "Item2": "[7.1.0, )"
        }
      ]
    },
    "UiPath.Excel.Activities": {
      "Id": "UiPath.Excel.Activities",
      "Version": "2.8.5",
      "Dependencies": [
        {
          "Item1": "ClosedXML",
          "Item2": "[0.87.1, )"
        },
        {
          "Item1": "CsvHelper",
          "Item2": "[2.13.5, )"
        },
        {
          "Item1": "DocumentFormat.OpenXml",
          "Item2": "[2.5.0, )"
        },
        {
          "Item1": "Microsoft.VisualStudio.OLE.Interop",
          "Item2": "[7.10.6071, )"
        },
        {
          "Item1": "NPOI",
          "Item2": "[2.4.1, )"
        },
        {
          "Item1": "SharpZipLib",
          "Item2": "[1.0.0, )"
        }
      ]
    },
    "UiPath.IntelligentOCR.Activities": {
      "Id": "UiPath.IntelligentOCR.Activities",
      "Version": "4.6.0-preview",
      "Dependencies": [
        {
          "Item1": "UiPath.OCR.Contracts",
          "Item2": "[2.6.0, )"
        },
        {
          "Item1": "UiPath.DocumentProcessing.Contracts",
          "Item2": "[1.6.1, )"
        },
        {
          "Item1": "UiPath.CefSharpBundle",
          "Item2": "[1.2.0, )"
        },
        {
          "Item1": "Microsoft.Xaml.Behaviors.Wpf",
          "Item2": "[1.0.1, )"
        },
        {
          "Item1": "Newtonsoft.Json",
          "Item2": "[11.0.2, )"
        },
        {
          "Item1": "System.Collections.Immutable",
          "Item2": "[1.5.0, )"
        },
        {
          "Item1": "System.ValueTuple",
          "Item2": "[4.5.0, )"
        },
        {
          "Item1": "Metrics.NET",
          "Item2": "[0.5.5, )"
        },
        {
          "Item1": "IvanAkcheurov.NTextCat.Lib",
          "Item2": "[0.2.1.1, )"
        },
        {
          "Item1": "BitMiracle.Docotic.Pdf",
          "Item2": "[5.10.9957, )"
        },
        {
          "Item1": "AForge.Imaging",
          "Item2": "[2.2.5, )"
        },
        {
          "Item1": "AForge.Neuro",
          "Item2": "[2.2.5, )"
        },
        {
          "Item1": "CsvHelper",
          "Item2": "[2.13.5, )"
        },
        {
          "Item1": "MathNet.Numerics",
          "Item2": "[4.5.1, )"
        },
        {
          "Item1": "Numsense",
          "Item2": "[0.12.0, )"
        },
        {
          "Item1": "Microsoft.Rest.ClientRuntime",
          "Item2": "[2.3.21, )"
        },
        {
          "Item1": "System.IO.Compression",
          "Item2": "[4.3.0, )"
        },
        {
          "Item1": "System.Runtime.InteropServices.RuntimeInformation",
          "Item2": "[4.3.0, )"
        }
      ]
    },
    "UiPath.Mail.Activities": {
      "Id": "UiPath.Mail.Activities",
      "Version": "1.8.5",
      "Dependencies": [
        {
          "Item1": "System.ValueTuple",
          "Item2": "[4.5.0, )"
        },
        {
          "Item1": "Microsoft.Exchange.WebServices",
          "Item2": "[2.2.0, )"
        },
        {
          "Item1": "BouncyCastle",
          "Item2": "[1.8.5, )"
        },
        {
          "Item1": "interop.domino.dll",
          "Item2": "[1.0.0, )"
        }
      ]
    },
    "UiPath.OCR.Contracts": {
      "Id": "UiPath.OCR.Contracts",
      "Version": "2.6.0",
      "Dependencies": []
    },
    "UiPath.Platform": {
      "Id": "UiPath.Platform",
      "Version": "20.4.0",
      "Dependencies": [
        {
          "Item1": "Newtonsoft.Json",
          "Item2": "[11.0.2, )"
        },
        {
          "Item1": "System.IO.Abstractions",
          "Item2": "[3.0.10, )"
        },
        {
          "Item1": "System.ValueTuple",
          "Item2": "[4.5.0, )"
        }
      ]
    },
    "UiPath.ScreenOCR.Activities": {
      "Id": "UiPath.ScreenOCR.Activities",
      "Version": "1.2.3-preview",
      "Dependencies": [
        {
          "Item1": "UiPath.OCR.Contracts",
          "Item2": "[2.5.0-preview, )"
        },
        {
          "Item1": "AForge.Imaging",
          "Item2": "[2.2.5, )"
        },
        {
          "Item1": "Newtonsoft.Json",
          "Item2": "[12.0.3, )"
        },
        {
          "Item1": "NLog",
          "Item2": "[4.5.11, )"
        },
        {
          "Item1": "System.Collections.Immutable",
          "Item2": "[1.5.0, )"
        },
        {
          "Item1": "System.ValueTuple",
          "Item2": "[4.5.0, )"
        }
      ]
    },
    "UiPath.System.Activities": {
      "Id": "UiPath.System.Activities",
      "Version": "20.4.0",
      "Dependencies": [
        {
          "Item1": "CsvHelper",
          "Item2": "[2.13.5, )"
        },
        {
          "Item1": "Microsoft.AspNet.SignalR.Client",
          "Item2": "[2.4.0, )"
        },
        {
          "Item1": "Microsoft.Rest.ClientRuntime",
          "Item2": "[2.3.20, )"
        },
        {
          "Item1": "Newtonsoft.Json",
          "Item2": "[11.0.2, )"
        }
      ]
    },
    "UiPath.Telemetry.Client": {
      "Id": "UiPath.Telemetry.Client",
      "Version": "1.1.51",
      "Dependencies": [
        {
          "Item1": "Newtonsoft.Json",
          "Item2": "[11.0.1, )"
        },
        {
          "Item1": "System.Threading.Tasks.Dataflow",
          "Item2": "[4.10.0, )"
        }
      ]
    },
    "UiPath.UIAutomation.Activities": {
      "Id": "UiPath.UIAutomation.Activities",
      "Version": "20.4.1",
      "Dependencies": [
        {
          "Item1": "UiPath",
          "Item2": "[20.4.7422.14731, 20.4.7422.14731]"
        },
        {
          "Item1": "UiPath.Vision",
          "Item2": "[2.0.3, )"
        },
        {
          "Item1": "UiPath.OCR.Contracts",
          "Item2": "[2.6.0, )"
        },
        {
          "Item1": "UiPath.Platform",
          "Item2": "[20.4.0, )"
        },
        {
          "Item1": "AvalonEdit",
          "Item2": "[5.0.3, )"
        },
        {
          "Item1": "Extended.Wpf.Toolkit",
          "Item2": "[2.8.0, )"
        },
        {
          "Item1": "Humanizer.Core",
          "Item2": "[2.4.2, )"
        },
        {
          "Item1": "Newtonsoft.Json",
          "Item2": "[11.0.2, )"
        },
        {
          "Item1": "System.IO.Abstractions",
          "Item2": "[3.0.10, )"
        },
        {
          "Item1": "System.ValueTuple",
          "Item2": "[4.5.0, )"
        },
        {
          "Item1": "UiPath.Telemetry.Client",
          "Item2": "[1.1.51, )"
        }
      ]
    },
    "UiPath.Vision": {
      "Id": "UiPath.Vision",
      "Version": "2.0.3",
      "Dependencies": [
        {
          "Item1": "UiPath.OCR.Contracts",
          "Item2": "[2.6.0, )"
        }
      ]
    }
  },
  "AllPackages": [
    {
      "Package": {
        "Id": "AForge",
        "Version": "2.2.5"
      },
      "Assemblies": [
        "C:\\Users\\Thippeswamy\\.nuget\\packages\\aforge\\2.2.5\\lib\\AForge.dll"
      ],
      "Path": "C:\\Users\\Thippeswamy\\.nuget\\packages\\aforge\\2.2.5"
    },
    {
      "Package": {
        "Id": "AForge.Genetic",
        "Version": "2.2.5"
      },
      "Assemblies": [
        "C:\\Users\\Thippeswamy\\.nuget\\packages\\aforge.genetic\\2.2.5\\lib\\AForge.Genetic.dll"
      ],
      "Path": "C:\\Users\\Thippeswamy\\.nuget\\packages\\aforge.genetic\\2.2.5"
    },
    {
      "Package": {
        "Id": "AForge.Imaging",
        "Version": "2.2.5"
      },
      "Assemblies": [
        "C:\\Users\\Thippeswamy\\.nuget\\packages\\aforge.imaging\\2.2.5\\lib\\AForge.Imaging.dll"
      ],
      "Path": "C:\\Users\\Thippeswamy\\.nuget\\packages\\aforge.imaging\\2.2.5"
    },
    {
      "Package": {
        "Id": "AForge.Math",
        "Version": "2.2.5"
      },
      "Assemblies": [
        "C:\\Users\\Thippeswamy\\.nuget\\packages\\aforge.math\\2.2.5\\lib\\AForge.Math.dll"
      ],
      "Path": "C:\\Users\\Thippeswamy\\.nuget\\packages\\aforge.math\\2.2.5"
    },
    {
      "Package": {
        "Id": "AForge.Neuro",
        "Version": "2.2.5"
      },
      "Assemblies": [
        "C:\\Users\\Thippeswamy\\.nuget\\packages\\aforge.neuro\\2.2.5\\lib\\AForge.Neuro.dll"
      ],
      "Path": "C:\\Users\\Thippeswamy\\.nuget\\packages\\aforge.neuro\\2.2.5"
    },
    {
      "Package": {
        "Id": "AvalonEdit",
        "Version": "5.0.3"
      },
      "Assemblies": [
        "C:\\Users\\Thippeswamy\\.nuget\\packages\\avalonedit\\5.0.3\\lib\\Net40\\ICSharpCode.AvalonEdit.dll"
      ],
      "Path": "C:\\Users\\Thippeswamy\\.nuget\\packages\\avalonedit\\5.0.3"
    },
    {
      "Package": {
        "Id": "BitMiracle.Docotic.Pdf",
        "Version": "5.10.9957"
      },
      "Assemblies": [
        "C:\\Users\\Thippeswamy\\.nuget\\packages\\bitmiracle.docotic.pdf\\5.10.9957\\lib\\net40\\BitMiracle.Docotic.Pdf.dll"
      ],
      "Path": "C:\\Users\\Thippeswamy\\.nuget\\packages\\bitmiracle.docotic.pdf\\5.10.9957"
    },
    {
      "Package": {
        "Id": "BouncyCastle",
        "Version": "1.8.5"
      },
      "Assemblies": [
        "C:\\Users\\Thippeswamy\\.nuget\\packages\\bouncycastle\\1.8.5\\lib\\BouncyCastle.Crypto.dll"
      ],
      "Path": "C:\\Users\\Thippeswamy\\.nuget\\packages\\bouncycastle\\1.8.5"
    },
    {
      "Package": {
        "Id": "ClosedXML",
        "Version": "0.87.1"
      },
      "Assemblies": [
        "C:\\Users\\Thippeswamy\\.nuget\\packages\\closedxml\\0.87.1\\lib\\net40\\ClosedXML.dll"
      ],
      "Path": "C:\\Users\\Thippeswamy\\.nuget\\packages\\closedxml\\0.87.1"
    },
    {
      "Package": {
        "Id": "CsvHelper",
        "Version": "2.13.5"
      },
      "Assemblies": [
        "C:\\Users\\Thippeswamy\\.nuget\\packages\\csvhelper\\2.13.5\\lib\\net40-client\\CsvHelper.dll"
      ],
      "Path": "C:\\Users\\Thippeswamy\\.nuget\\packages\\csvhelper\\2.13.5"
    },
    {
      "Package": {
        "Id": "DocumentFormat.OpenXml",
        "Version": "2.5.0"
      },
      "Assemblies": [
        "C:\\Users\\Thippeswamy\\.nuget\\packages\\documentformat.openxml\\2.5.0\\lib\\DocumentFormat.OpenXml.dll"
      ],
      "Path": "C:\\Users\\Thippeswamy\\.nuget\\packages\\documentformat.openxml\\2.5.0"
    },
    {
      "Package": {
        "Id": "Extended.Wpf.Toolkit",
        "Version": "2.8.0"
      },
      "Assemblies": [
        "C:\\Users\\Thippeswamy\\.nuget\\packages\\extended.wpf.toolkit\\2.8.0\\lib\\net40\\Xceed.Wpf.AvalonDock.Themes.Aero.dll",
        "C:\\Users\\Thippeswamy\\.nuget\\packages\\extended.wpf.toolkit\\2.8.0\\lib\\net40\\Xceed.Wpf.AvalonDock.Themes.Metro.dll",
        "C:\\Users\\Thippeswamy\\.nuget\\packages\\extended.wpf.toolkit\\2.8.0\\lib\\net40\\Xceed.Wpf.AvalonDock.Themes.VS2010.dll",
        "C:\\Users\\Thippeswamy\\.nuget\\packages\\extended.wpf.toolkit\\2.8.0\\lib\\net40\\Xceed.Wpf.AvalonDock.dll",
        "C:\\Users\\Thippeswamy\\.nuget\\packages\\extended.wpf.toolkit\\2.8.0\\lib\\net40\\Xceed.Wpf.DataGrid.dll",
        "C:\\Users\\Thippeswamy\\.nuget\\packages\\extended.wpf.toolkit\\2.8.0\\lib\\net40\\Xceed.Wpf.Toolkit.dll"
      ],
      "Path": "C:\\Users\\Thippeswamy\\.nuget\\packages\\extended.wpf.toolkit\\2.8.0"
    },
    {
      "Package": {
        "Id": "FSharp.Core",
        "Version": "4.0.0.1"
      },
      "Assemblies": [
        "C:\\Users\\Thippeswamy\\.nuget\\packages\\fsharp.core\\4.0.0.1\\lib\\net40\\FSharp.Core.dll"
      ],
      "Path": "C:\\Users\\Thippeswamy\\.nuget\\packages\\fsharp.core\\4.0.0.1"
    },
    {
      "Package": {
        "Id": "Humanizer.Core",
        "Version": "2.4.2"
      },
      "Assemblies": [
        "C:\\Users\\Thippeswamy\\.nuget\\packages\\humanizer.core\\2.4.2\\lib\\netstandard2.0\\Humanizer.dll"
      ],
      "Path": "C:\\Users\\Thippeswamy\\.nuget\\packages\\humanizer.core\\2.4.2"
    },
    {
      "Package": {
        "Id": "interop.domino.dll",
        "Version": "1.0.0"
      },
      "Assemblies": [
        "C:\\Users\\Thippeswamy\\.nuget\\packages\\interop.domino.dll\\1.0.0\\lib\\Interop.Domino.dll"
      ],
      "Path": "C:\\Users\\Thippeswamy\\.nuget\\packages\\interop.domino.dll\\1.0.0"
    },
    {
      "Package": {
        "Id": "IvanAkcheurov.NTextCat.Lib",
        "Version": "0.2.1.1"
      },
      "Assemblies": [
        "C:\\Users\\Thippeswamy\\.nuget\\packages\\ivanakcheurov.ntextcat.lib\\0.2.1.1\\lib\\net40\\IvanAkcheurov.Commons.dll",
        "C:\\Users\\Thippeswamy\\.nuget\\packages\\ivanakcheurov.ntextcat.lib\\0.2.1.1\\lib\\net40\\IvanAkcheurov.NClassify.dll",
        "C:\\Users\\Thippeswamy\\.nuget\\packages\\ivanakcheurov.ntextcat.lib\\0.2.1.1\\lib\\net40\\IvanAkcheurov.NTextCat.Lib.dll"
      ],
      "Path": "C:\\Users\\Thippeswamy\\.nuget\\packages\\ivanakcheurov.ntextcat.lib\\0.2.1.1"
    },
    {
      "Package": {
        "Id": "MathNet.Numerics",
        "Version": "4.5.1"
      },
      "Assemblies": [
        "C:\\Users\\Thippeswamy\\.nuget\\packages\\mathnet.numerics\\4.5.1\\lib\\net461\\MathNet.Numerics.dll"
      ],
      "Path": "C:\\Users\\Thippeswamy\\.nuget\\packages\\mathnet.numerics\\4.5.1"
    },
    {
      "Package": {
        "Id": "Metrics.NET",
        "Version": "0.5.5"
      },
      "Assemblies": [
        "C:\\Users\\Thippeswamy\\.nuget\\packages\\metrics.net\\0.5.5\\lib\\net45\\Metrics.dll"
      ],
      "Path": "C:\\Users\\Thippeswamy\\.nuget\\packages\\metrics.net\\0.5.5"
    },
    {
      "Package": {
        "Id": "Microsoft.AspNet.SignalR.Client",
        "Version": "2.4.0"
      },
      "Assemblies": [
        "C:\\Users\\Thippeswamy\\.nuget\\packages\\microsoft.aspnet.signalr.client\\2.4.0\\lib\\net45\\Microsoft.AspNet.SignalR.Client.dll"
      ],
      "Path": "C:\\Users\\Thippeswamy\\.nuget\\packages\\microsoft.aspnet.signalr.client\\2.4.0"
    },
    {
      "Package": {
        "Id": "Microsoft.Exchange.WebServices",
        "Version": "2.2.0"
      },
      "Assemblies": [
        "C:\\Users\\Thippeswamy\\.nuget\\packages\\microsoft.exchange.webservices\\2.2.0\\lib\\40\\Microsoft.Exchange.WebServices.Auth.dll",
        "C:\\Users\\Thippeswamy\\.nuget\\packages\\microsoft.exchange.webservices\\2.2.0\\lib\\40\\Microsoft.Exchange.WebServices.dll"
      ],
      "Path": "C:\\Users\\Thippeswamy\\.nuget\\packages\\microsoft.exchange.webservices\\2.2.0"
    },
    {
      "Package": {
        "Id": "Microsoft.Rest.ClientRuntime",
        "Version": "2.3.21"
      },
      "Assemblies": [
        "C:\\Users\\Thippeswamy\\.nuget\\packages\\microsoft.rest.clientruntime\\2.3.21\\lib\\net461\\Microsoft.Rest.ClientRuntime.dll"
      ],
      "Path": "C:\\Users\\Thippeswamy\\.nuget\\packages\\microsoft.rest.clientruntime\\2.3.21"
    },
    {
      "Package": {
        "Id": "Microsoft.VisualStudio.OLE.Interop",
        "Version": "7.10.6071"
      },
      "Assemblies": [
        "C:\\Users\\Thippeswamy\\.nuget\\packages\\microsoft.visualstudio.ole.interop\\7.10.6071\\lib\\Microsoft.VisualStudio.OLE.Interop.dll"
      ],
      "Path": "C:\\Users\\Thippeswamy\\.nuget\\packages\\microsoft.visualstudio.ole.interop\\7.10.6071"
    },
    {
      "Package": {
        "Id": "Microsoft.Xaml.Behaviors.Wpf",
        "Version": "1.0.1"
      },
      "Assemblies": [
        "C:\\Users\\Thippeswamy\\.nuget\\packages\\microsoft.xaml.behaviors.wpf\\1.0.1\\lib\\net45\\Microsoft.Xaml.Behaviors.dll"
      ],
      "Path": "C:\\Users\\Thippeswamy\\.nuget\\packages\\microsoft.xaml.behaviors.wpf\\1.0.1"
    },
    {
      "Package": {
        "Id": "Newtonsoft.Json",
        "Version": "12.0.3"
      },
      "Assemblies": [
        "C:\\Users\\Thippeswamy\\.nuget\\packages\\newtonsoft.json\\12.0.3\\lib\\net45\\Newtonsoft.Json.dll"
      ],
      "Path": "C:\\Users\\Thippeswamy\\.nuget\\packages\\newtonsoft.json\\12.0.3"
    },
    {
      "Package": {
        "Id": "NLog",
        "Version": "4.5.11"
      },
      "Assemblies": [
        "C:\\Users\\Thippeswamy\\.nuget\\packages\\nlog\\4.5.11\\lib\\net45\\NLog.dll"
      ],
      "Path": "C:\\Users\\Thippeswamy\\.nuget\\packages\\nlog\\4.5.11"
    },
    {
      "Package": {
        "Id": "NPOI",
        "Version": "2.4.1"
      },
      "Assemblies": [
        "C:\\Users\\Thippeswamy\\.nuget\\packages\\npoi\\2.4.1\\lib\\net45\\NPOI.OOXML.dll",
        "C:\\Users\\Thippeswamy\\.nuget\\packages\\npoi\\2.4.1\\lib\\net45\\NPOI.OpenXml4Net.dll",
        "C:\\Users\\Thippeswamy\\.nuget\\packages\\npoi\\2.4.1\\lib\\net45\\NPOI.OpenXmlFormats.dll",
        "C:\\Users\\Thippeswamy\\.nuget\\packages\\npoi\\2.4.1\\lib\\net45\\NPOI.dll"
      ],
      "Path": "C:\\Users\\Thippeswamy\\.nuget\\packages\\npoi\\2.4.1"
    },
    {
      "Package": {
        "Id": "Numsense",
        "Version": "0.12.0"
      },
      "Assemblies": [
        "C:\\Users\\Thippeswamy\\.nuget\\packages\\numsense\\0.12.0\\lib\\net45\\Ploeh.Numsense.dll"
      ],
      "Path": "C:\\Users\\Thippeswamy\\.nuget\\packages\\numsense\\0.12.0"
    },
    {
      "Package": {
        "Id": "Polly",
        "Version": "7.1.0"
      },
      "Assemblies": [
        "C:\\Users\\Thippeswamy\\.nuget\\packages\\polly\\7.1.0\\lib\\netstandard2.0\\Polly.dll"
      ],
      "Path": "C:\\Users\\Thippeswamy\\.nuget\\packages\\polly\\7.1.0"
    },
    {
      "Package": {
        "Id": "RBanda.TestReportGenerator.Activities",
        "Version": "1.4.1"
      },
      "Assemblies": [
        "C:\\Users\\Thippeswamy\\.nuget\\packages\\rbanda.testreportgenerator.activities\\1.4.1\\lib\\TestReportGenerator.dll"
      ],
      "Path": "C:\\Users\\Thippeswamy\\.nuget\\packages\\rbanda.testreportgenerator.activities\\1.4.1"
    },
    {
      "Package": {
        "Id": "SharpZipLib",
        "Version": "1.0.0"
      },
      "Assemblies": [
        "C:\\Users\\Thippeswamy\\.nuget\\packages\\sharpziplib\\1.0.0\\lib\\net45\\ICSharpCode.SharpZipLib.dll"
      ],
      "Path": "C:\\Users\\Thippeswamy\\.nuget\\packages\\sharpziplib\\1.0.0"
    },
    {
      "Package": {
        "Id": "System.Collections.Immutable",
        "Version": "1.5.0"
      },
      "Assemblies": [
        "C:\\Users\\Thippeswamy\\.nuget\\packages\\system.collections.immutable\\1.5.0\\lib\\netstandard2.0\\System.Collections.Immutable.dll"
      ],
      "Path": "C:\\Users\\Thippeswamy\\.nuget\\packages\\system.collections.immutable\\1.5.0"
    },
    {
      "Package": {
        "Id": "System.IO.Abstractions",
        "Version": "3.0.10"
      },
      "Assemblies": [
        "C:\\Users\\Thippeswamy\\.nuget\\packages\\system.io.abstractions\\3.0.10\\lib\\net40\\System.IO.Abstractions.dll"
      ],
      "Path": "C:\\Users\\Thippeswamy\\.nuget\\packages\\system.io.abstractions\\3.0.10"
    },
    {
      "Package": {
        "Id": "System.IO.Compression",
        "Version": "4.3.0"
      },
      "Assemblies": [
        "C:\\Users\\Thippeswamy\\.nuget\\packages\\system.io.compression\\4.3.0\\lib\\net46\\System.IO.Compression.dll"
      ],
      "Path": "C:\\Users\\Thippeswamy\\.nuget\\packages\\system.io.compression\\4.3.0"
    },
    {
      "Package": {
        "Id": "System.Runtime.InteropServices.RuntimeInformation",
        "Version": "4.3.0"
      },
      "Assemblies": [
        "C:\\Users\\Thippeswamy\\.nuget\\packages\\system.runtime.interopservices.runtimeinformation\\4.3.0\\lib\\net45\\System.Runtime.InteropServices.RuntimeInformation.dll"
      ],
      "Path": "C:\\Users\\Thippeswamy\\.nuget\\packages\\system.runtime.interopservices.runtimeinformation\\4.3.0"
    },
    {
      "Package": {
        "Id": "System.Threading.Tasks.Dataflow",
        "Version": "4.10.0"
      },
      "Assemblies": [
        "C:\\Users\\Thippeswamy\\.nuget\\packages\\system.threading.tasks.dataflow\\4.10.0\\lib\\netstandard2.0\\System.Threading.Tasks.Dataflow.dll"
      ],
      "Path": "C:\\Users\\Thippeswamy\\.nuget\\packages\\system.threading.tasks.dataflow\\4.10.0"
    },
    {
      "Package": {
        "Id": "System.ValueTuple",
        "Version": "4.5.0"
      },
      "Assemblies": [
        "C:\\Users\\Thippeswamy\\.nuget\\packages\\system.valuetuple\\4.5.0\\lib\\net461\\System.ValueTuple.dll"
      ],
      "Path": "C:\\Users\\Thippeswamy\\.nuget\\packages\\system.valuetuple\\4.5.0"
    },
    {
      "Package": {
        "Id": "UiPath",
        "Version": "20.4.7422.14731"
      },
      "Assemblies": [
        "C:\\Users\\Thippeswamy\\.nuget\\packages\\uipath\\20.4.7422.14731\\lib\\UiPath.Interop.dll"
      ],
      "Path": "C:\\Users\\Thippeswamy\\.nuget\\packages\\uipath\\20.4.7422.14731"
    },
    {
      "Package": {
        "Id": "UiPath.CefSharpBundle",
        "Version": "1.2.0"
      },
      "Assemblies": [
        "C:\\Users\\Thippeswamy\\.nuget\\packages\\uipath.cefsharpbundle\\1.2.0\\lib\\net452\\CefSharp.Core.dll",
        "C:\\Users\\Thippeswamy\\.nuget\\packages\\uipath.cefsharpbundle\\1.2.0\\lib\\net452\\CefSharp.Wpf.dll",
        "C:\\Users\\Thippeswamy\\.nuget\\packages\\uipath.cefsharpbundle\\1.2.0\\lib\\net452\\CefSharp.dll"
      ],
      "Path": "C:\\Users\\Thippeswamy\\.nuget\\packages\\uipath.cefsharpbundle\\1.2.0"
    },
    {
      "Package": {
        "Id": "UiPath.DocumentProcessing.Contracts",
        "Version": "1.6.1"
      },
      "Assemblies": [
        "C:\\Users\\Thippeswamy\\.nuget\\packages\\uipath.documentprocessing.contracts\\1.6.1\\lib\\net461\\UiPath.DocumentProcessing.Contracts.dll"
      ],
      "Path": "C:\\Users\\Thippeswamy\\.nuget\\packages\\uipath.documentprocessing.contracts\\1.6.1"
    },
    {
      "Package": {
        "Id": "UiPath.DocumentUnderstanding.ML.Activities",
        "Version": "1.1.0"
      },
      "Assemblies": [
        "C:\\Users\\Thippeswamy\\.nuget\\packages\\uipath.documentunderstanding.ml.activities\\1.1.0\\lib\\net461\\UiPath.DocumentUnderstanding.ML.Activities.Design.dll",
        "C:\\Users\\Thippeswamy\\.nuget\\packages\\uipath.documentunderstanding.ml.activities\\1.1.0\\lib\\net461\\UiPath.DocumentUnderstanding.ML.Activities.dll"
      ],
      "Path": "C:\\Users\\Thippeswamy\\.nuget\\packages\\uipath.documentunderstanding.ml.activities\\1.1.0"
    },
    {
      "Package": {
        "Id": "UiPath.Excel.Activities",
        "Version": "2.8.5"
      },
      "Assemblies": [
        "C:\\Users\\Thippeswamy\\.nuget\\packages\\uipath.excel.activities\\2.8.5\\lib\\net461\\UiPath.Excel.Activities.Design.dll",
        "C:\\Users\\Thippeswamy\\.nuget\\packages\\uipath.excel.activities\\2.8.5\\lib\\net461\\UiPath.Excel.Activities.dll",
        "C:\\Users\\Thippeswamy\\.nuget\\packages\\uipath.excel.activities\\2.8.5\\lib\\net461\\UiPath.Excel.dll"
      ],
      "Path": "C:\\Users\\Thippeswamy\\.nuget\\packages\\uipath.excel.activities\\2.8.5"
    },
    {
      "Package": {
        "Id": "UiPath.IntelligentOCR.Activities",
        "Version": "4.6.0-preview"
      },
      "Assemblies": [
        "C:\\Users\\Thippeswamy\\.nuget\\packages\\uipath.intelligentocr.activities\\4.6.0-preview\\lib\\net461\\UiPath.DocumentUnderstanding.Contracts.dll",
        "C:\\Users\\Thippeswamy\\.nuget\\packages\\uipath.intelligentocr.activities\\4.6.0-preview\\lib\\net461\\UiPath.DocumentUnderstanding.Persistence.dll",
        "C:\\Users\\Thippeswamy\\.nuget\\packages\\uipath.intelligentocr.activities\\4.6.0-preview\\lib\\net461\\UiPath.IntelligentOCR.Activities.Design.dll",
        "C:\\Users\\Thippeswamy\\.nuget\\packages\\uipath.intelligentocr.activities\\4.6.0-preview\\lib\\net461\\UiPath.IntelligentOCR.Activities.dll",
        "C:\\Users\\Thippeswamy\\.nuget\\packages\\uipath.intelligentocr.activities\\4.6.0-preview\\lib\\net461\\UiPath.IntelligentOCR.dll",
        "C:\\Users\\Thippeswamy\\.nuget\\packages\\uipath.intelligentocr.activities\\4.6.0-preview\\lib\\net461\\UiPath.SmartData.Data.dll",
        "C:\\Users\\Thippeswamy\\.nuget\\packages\\uipath.intelligentocr.activities\\4.6.0-preview\\lib\\net461\\UiPath.SmartData.Digitization.dll",
        "C:\\Users\\Thippeswamy\\.nuget\\packages\\uipath.intelligentocr.activities\\4.6.0-preview\\lib\\net461\\UiPath.SmartData.DocumentClassification.dll",
        "C:\\Users\\Thippeswamy\\.nuget\\packages\\uipath.intelligentocr.activities\\4.6.0-preview\\lib\\net461\\UiPath.SmartData.Host.Local.Infrastructure.dll",
        "C:\\Users\\Thippeswamy\\.nuget\\packages\\uipath.intelligentocr.activities\\4.6.0-preview\\lib\\net461\\UiPath.SmartData.ImageProcessing.dll",
        "C:\\Users\\Thippeswamy\\.nuget\\packages\\uipath.intelligentocr.activities\\4.6.0-preview\\lib\\net461\\UiPath.SmartData.Language.dll",
        "C:\\Users\\Thippeswamy\\.nuget\\packages\\uipath.intelligentocr.activities\\4.6.0-preview\\lib\\net461\\UiPath.SmartData.Localization.dll",
        "C:\\Users\\Thippeswamy\\.nuget\\packages\\uipath.intelligentocr.activities\\4.6.0-preview\\lib\\net461\\UiPath.SmartData.OCR.dll",
        "C:\\Users\\Thippeswamy\\.nuget\\packages\\uipath.intelligentocr.activities\\4.6.0-preview\\lib\\net461\\UiPath.SmartData.OutOfProcessUi.Common.dll",
        "C:\\Users\\Thippeswamy\\.nuget\\packages\\uipath.intelligentocr.activities\\4.6.0-preview\\lib\\net461\\UiPath.SmartData.OutOfProcessUi.Host.WCF.exe",
        "C:\\Users\\Thippeswamy\\.nuget\\packages\\uipath.intelligentocr.activities\\4.6.0-preview\\lib\\net461\\UiPath.SmartData.PDF.dll",
        "C:\\Users\\Thippeswamy\\.nuget\\packages\\uipath.intelligentocr.activities\\4.6.0-preview\\lib\\net461\\UiPath.SmartData.PositionBasedExtraction.TemplateManager.exe",
        "C:\\Users\\Thippeswamy\\.nuget\\packages\\uipath.intelligentocr.activities\\4.6.0-preview\\lib\\net461\\UiPath.SmartData.PositionBasedExtraction.dll",
        "C:\\Users\\Thippeswamy\\.nuget\\packages\\uipath.intelligentocr.activities\\4.6.0-preview\\lib\\net461\\UiPath.SmartData.TableProcessing.dll",
        "C:\\Users\\Thippeswamy\\.nuget\\packages\\uipath.intelligentocr.activities\\4.6.0-preview\\lib\\net461\\UiPath.SmartData.TaxonomyManager.Host.Local.dll",
        "C:\\Users\\Thippeswamy\\.nuget\\packages\\uipath.intelligentocr.activities\\4.6.0-preview\\lib\\net461\\UiPath.SmartData.TaxonomyManager.dll",
        "C:\\Users\\Thippeswamy\\.nuget\\packages\\uipath.intelligentocr.activities\\4.6.0-preview\\lib\\net461\\UiPath.SmartData.Utils.dll",
        "C:\\Users\\Thippeswamy\\.nuget\\packages\\uipath.intelligentocr.activities\\4.6.0-preview\\lib\\net461\\UiPath.SmartData.ValidationStation.Host.Local.dll",
        "C:\\Users\\Thippeswamy\\.nuget\\packages\\uipath.intelligentocr.activities\\4.6.0-preview\\lib\\net461\\UiPath.SmartData.ValidationStation.Integration.dll",
        "C:\\Users\\Thippeswamy\\.nuget\\packages\\uipath.intelligentocr.activities\\4.6.0-preview\\lib\\net461\\UiPath.SmartData.ValidationStation.ValueParsing.dll",
        "C:\\Users\\Thippeswamy\\.nuget\\packages\\uipath.intelligentocr.activities\\4.6.0-preview\\lib\\net461\\UiPath.SmartData.ValidationStation.dll",
        "C:\\Users\\Thippeswamy\\.nuget\\packages\\uipath.intelligentocr.activities\\4.6.0-preview\\lib\\net461\\UiPath.SmartData.WPF.dll"
      ],
      "Path": "C:\\Users\\Thippeswamy\\.nuget\\packages\\uipath.intelligentocr.activities\\4.6.0-preview"
    },
    {
      "Package": {
        "Id": "UiPath.Mail.Activities",
        "Version": "1.8.5"
      },
      "Assemblies": [
        "C:\\Users\\Thippeswamy\\.nuget\\packages\\uipath.mail.activities\\1.8.5\\lib\\net461\\MailKit.dll",
        "C:\\Users\\Thippeswamy\\.nuget\\packages\\uipath.mail.activities\\1.8.5\\lib\\net461\\MimeKit.dll",
        "C:\\Users\\Thippeswamy\\.nuget\\packages\\uipath.mail.activities\\1.8.5\\lib\\net461\\UiPath.Mail.Activities.Design.dll",
        "C:\\Users\\Thippeswamy\\.nuget\\packages\\uipath.mail.activities\\1.8.5\\lib\\net461\\UiPath.Mail.Activities.dll",
        "C:\\Users\\Thippeswamy\\.nuget\\packages\\uipath.mail.activities\\1.8.5\\lib\\net461\\UiPath.Mail.dll"
      ],
      "Path": "C:\\Users\\Thippeswamy\\.nuget\\packages\\uipath.mail.activities\\1.8.5"
    },
    {
      "Package": {
        "Id": "UiPath.OCR.Contracts",
        "Version": "2.6.0"
      },
      "Assemblies": [
        "C:\\Users\\Thippeswamy\\.nuget\\packages\\uipath.ocr.contracts\\2.6.0\\lib\\net461\\UiPath.OCR.Contracts.dll"
      ],
      "Path": "C:\\Users\\Thippeswamy\\.nuget\\packages\\uipath.ocr.contracts\\2.6.0"
    },
    {
      "Package": {
        "Id": "UiPath.Platform",
        "Version": "20.4.0"
      },
      "Assemblies": [
        "C:\\Users\\Thippeswamy\\.nuget\\packages\\uipath.platform\\20.4.0\\lib\\net461\\UiPath.Platform.dll"
      ],
      "Path": "C:\\Users\\Thippeswamy\\.nuget\\packages\\uipath.platform\\20.4.0"
    },
    {
      "Package": {
        "Id": "UiPath.ScreenOCR.Activities",
        "Version": "1.2.3-preview"
      },
      "Assemblies": [
        "C:\\Users\\Thippeswamy\\.nuget\\packages\\uipath.screenocr.activities\\1.2.3-preview\\lib\\net452\\UiPath.ScreenOCR.Activities.Design.dll",
        "C:\\Users\\Thippeswamy\\.nuget\\packages\\uipath.screenocr.activities\\1.2.3-preview\\lib\\net452\\UiPath.ScreenOCR.Activities.dll",
        "C:\\Users\\Thippeswamy\\.nuget\\packages\\uipath.screenocr.activities\\1.2.3-preview\\lib\\net452\\UiPath.ScreenOCR.dll"
      ],
      "Path": "C:\\Users\\Thippeswamy\\.nuget\\packages\\uipath.screenocr.activities\\1.2.3-preview"
    },
    {
      "Package": {
        "Id": "UiPath.System.Activities",
        "Version": "20.4.0"
      },
      "Assemblies": [
        "C:\\Users\\Thippeswamy\\.nuget\\packages\\uipath.system.activities\\20.4.0\\lib\\net461\\ActiproSoftware.Docking.Wpf.dll",
        "C:\\Users\\Thippeswamy\\.nuget\\packages\\uipath.system.activities\\20.4.0\\lib\\net461\\ActiproSoftware.Ribbon.Wpf.dll",
        "C:\\Users\\Thippeswamy\\.nuget\\packages\\uipath.system.activities\\20.4.0\\lib\\net461\\ActiproSoftware.Shared.Wpf.dll",
        "C:\\Users\\Thippeswamy\\.nuget\\packages\\uipath.system.activities\\20.4.0\\lib\\net461\\ActiproSoftware.SyntaxEditor.Addons.DotNet.Wpf.dll",
        "C:\\Users\\Thippeswamy\\.nuget\\packages\\uipath.system.activities\\20.4.0\\lib\\net461\\ActiproSoftware.SyntaxEditor.Wpf.dll",
        "C:\\Users\\Thippeswamy\\.nuget\\packages\\uipath.system.activities\\20.4.0\\lib\\net461\\ActiproSoftware.Text.Addons.DotNet.Wpf.dll",
        "C:\\Users\\Thippeswamy\\.nuget\\packages\\uipath.system.activities\\20.4.0\\lib\\net461\\ActiproSoftware.Text.LLParser.Wpf.dll",
        "C:\\Users\\Thippeswamy\\.nuget\\packages\\uipath.system.activities\\20.4.0\\lib\\net461\\ActiproSoftware.Text.Wpf.dll",
        "C:\\Users\\Thippeswamy\\.nuget\\packages\\uipath.system.activities\\20.4.0\\lib\\net461\\ActiproSoftware.Wizard.Wpf.dll",
        "C:\\Users\\Thippeswamy\\.nuget\\packages\\uipath.system.activities\\20.4.0\\lib\\net461\\CustomInputForm.exe",
        "C:\\Users\\Thippeswamy\\.nuget\\packages\\uipath.system.activities\\20.4.0\\lib\\net461\\UiPath.OrchestratorClient.dll",
        "C:\\Users\\Thippeswamy\\.nuget\\packages\\uipath.system.activities\\20.4.0\\lib\\net461\\UiPath.System.Activities.Design.dll",
        "C:\\Users\\Thippeswamy\\.nuget\\packages\\uipath.system.activities\\20.4.0\\lib\\net461\\UiPath.System.Activities.dll"
      ],
      "Path": "C:\\Users\\Thippeswamy\\.nuget\\packages\\uipath.system.activities\\20.4.0"
    },
    {
      "Package": {
        "Id": "UiPath.Telemetry.Client",
        "Version": "1.1.51"
      },
      "Assemblies": [
        "C:\\Users\\Thippeswamy\\.nuget\\packages\\uipath.telemetry.client\\1.1.51\\lib\\net461\\TelemetryClient.dll"
      ],
      "Path": "C:\\Users\\Thippeswamy\\.nuget\\packages\\uipath.telemetry.client\\1.1.51"
    },
    {
      "Package": {
        "Id": "UiPath.UIAutomation.Activities",
        "Version": "20.4.1"
      },
      "Assemblies": [
        "C:\\Users\\Thippeswamy\\.nuget\\packages\\uipath.uiautomation.activities\\20.4.1\\lib\\net461\\ActiproSoftware.DataGrid.Contrib.Wpf.dll",
        "C:\\Users\\Thippeswamy\\.nuget\\packages\\uipath.uiautomation.activities\\20.4.1\\lib\\net461\\ActiproSoftware.Docking.Wpf.dll",
        "C:\\Users\\Thippeswamy\\.nuget\\packages\\uipath.uiautomation.activities\\20.4.1\\lib\\net461\\ActiproSoftware.Editors.Wpf.dll",
        "C:\\Users\\Thippeswamy\\.nuget\\packages\\uipath.uiautomation.activities\\20.4.1\\lib\\net461\\ActiproSoftware.Ribbon.Wpf.dll",
        "C:\\Users\\Thippeswamy\\.nuget\\packages\\uipath.uiautomation.activities\\20.4.1\\lib\\net461\\ActiproSoftware.Shared.Wpf.dll",
        "C:\\Users\\Thippeswamy\\.nuget\\packages\\uipath.uiautomation.activities\\20.4.1\\lib\\net461\\ActiproSoftware.SyntaxEditor.Addons.DotNet.Wpf.dll",
        "C:\\Users\\Thippeswamy\\.nuget\\packages\\uipath.uiautomation.activities\\20.4.1\\lib\\net461\\ActiproSoftware.SyntaxEditor.Wpf.dll",
        "C:\\Users\\Thippeswamy\\.nuget\\packages\\uipath.uiautomation.activities\\20.4.1\\lib\\net461\\ActiproSoftware.Text.Addons.DotNet.Wpf.dll",
        "C:\\Users\\Thippeswamy\\.nuget\\packages\\uipath.uiautomation.activities\\20.4.1\\lib\\net461\\ActiproSoftware.Text.LLParser.Wpf.dll",
        "C:\\Users\\Thippeswamy\\.nuget\\packages\\uipath.uiautomation.activities\\20.4.1\\lib\\net461\\ActiproSoftware.Text.Wpf.dll",
        "C:\\Users\\Thippeswamy\\.nuget\\packages\\uipath.uiautomation.activities\\20.4.1\\lib\\net461\\ActiproSoftware.Wizard.Wpf.dll",
        "C:\\Users\\Thippeswamy\\.nuget\\packages\\uipath.uiautomation.activities\\20.4.1\\lib\\net461\\UiPath.CV.Activities.Design.dll",
        "C:\\Users\\Thippeswamy\\.nuget\\packages\\uipath.uiautomation.activities\\20.4.1\\lib\\net461\\UiPath.CV.Activities.dll",
        "C:\\Users\\Thippeswamy\\.nuget\\packages\\uipath.uiautomation.activities\\20.4.1\\lib\\net461\\UiPath.CV.dll",
        "C:\\Users\\Thippeswamy\\.nuget\\packages\\uipath.uiautomation.activities\\20.4.1\\lib\\net461\\UiPath.UIAutomation.Activities.Design.dll",
        "C:\\Users\\Thippeswamy\\.nuget\\packages\\uipath.uiautomation.activities\\20.4.1\\lib\\net461\\UiPath.UiAutomation.Activities.dll",
        "C:\\Users\\Thippeswamy\\.nuget\\packages\\uipath.uiautomation.activities\\20.4.1\\lib\\net461\\UiPath.Wizards.dll"
      ],
      "Path": "C:\\Users\\Thippeswamy\\.nuget\\packages\\uipath.uiautomation.activities\\20.4.1"
    },
    {
      "Package": {
        "Id": "UiPath.Vision",
        "Version": "2.0.3"
      },
      "Assemblies": [
        "C:\\Users\\Thippeswamy\\.nuget\\packages\\uipath.vision\\2.0.3\\lib\\net461\\UiPath.Vision.Core.dll",
        "C:\\Users\\Thippeswamy\\.nuget\\packages\\uipath.vision\\2.0.3\\lib\\net461\\UiPath.Vision.dll"
      ],
      "Path": "C:\\Users\\Thippeswamy\\.nuget\\packages\\uipath.vision\\2.0.3"
    }
  ]
}