[{"DocumentTypeId":"Financial.Invoices.TEST","Keywords":[{"Values":["INVOICE","NO"],"NumberOfTimesConfirmed":1,"LastUpdated":"2020-05-26T18:24:16.4898967+05:30"},{"Values":["INVOICE","TO"],"NumberOfTimesConfirmed":1,"LastUpdated":"2020-05-26T18:24:16.4898967+05:30"},{"Values":["SALESPERSON"],"NumberOfTimesConfirmed":1,"LastUpdated":"2020-05-26T18:24:16.4898967+05:30"},{"Values":["PAYMENT","TERMS"],"NumberOfTimesConfirmed":1,"LastUpdated":"2020-05-26T18:24:16.4898967+05:30"},{"Values":["DUE","DATE"],"NumberOfTimesConfirmed":1,"LastUpdated":"2020-05-26T18:24:16.4898967+05:30"},{"Values":["Subtotal"],"NumberOfTimesConfirmed":1,"LastUpdated":"2020-05-26T18:24:16.4898967+05:30"},{"Values":["Sales","Tax"],"NumberOfTimesConfirmed":1,"LastUpdated":"2020-05-26T18:25:20.7546003+05:30"},{"Values":["Total"],"NumberOfTimesConfirmed":1,"LastUpdated":"2020-05-26T18:25:44.8872693+05:30"},{"Values":["DATE"],"NumberOfTimesConfirmed":30,"LastUpdated":"2020-05-27T10:57:45.9873384+05:30"}]}]
